Course Code,Course Name,L,T,P,C,Name of the Instructors and Tutors,Capacity,Number of Students,Sections,Lecture,Tutorial,Lab,Link to Course Plan,Preferred Knowledge Equivalent to,Remark,Minor in,HSS/BS elective
First Year(2023),,,,,,,,,,,,,,,,,
FP 100,Foundation Programme,0,0,0,4,"Abinaya Sampath(I), Anupama Pradeepan(I), 
Harmeet Singh(I), Krista R Khiangte(I), B Prasanna Venkatesh(I),
Sushmit Bagchi(I), Sushobhan Sen(I) 
",,,,,,,,,,,
ES 101,Engineering Graphics,1.5,0,1.5,3,"Sameer Patel(I+L), S. R. Gandhi (L), Kaustubh Rane (L), Madhu Vadali (L) + 3 GTFs (L)",,360,,"E2
(Jasubhai Auditorium)",,"I1,J1,I2
(7/108,7/109)
I1,J1,I2,K2
(1/101,1/102)
K2
(7/208,7/209,1/201)",,,,,
ES 112,Computing,2,0,2,3,"Yogesh Meena(I+L), Shouvick Mondal(I+L), Anirban Dasgupta(L)",,360,,"B1
(Jasubhai Auditorium)",,"K1,L2,M1
(7/108,7/109)",ES112_Course_Plan (+website),,,,
ES 117,The World of Engineering,0,0,3,2,Himanshu Shekhar(I),,360,,,,"J2,M2
(Jasubhai Auditorium)",Course Plan TBA,,,,
ES 118,Materials for the Future,1.5,0,1.5,3,Amit Arora(I),,360,,"F2
(Jasubhai Auditorium)",,"H1,N1,P1
(MSE Lab)",,,,,
HS 191,Introduction to Writing I,1,0,3,2,"Jooyoung Kim(I),Monal Desai(L),Nivid Desai(L),Devapreeta Jena(L)",,360,,"L1
(1/102,7/105,7/104,7/101,7/210,7/110,7/201,7/102,7/209)",,"A1,B2
(7/101,7/210,7/103,7/104,7/105,7/110,7/201,7/204,7/205,5/203)",,,,,
MA 103,Calculus of Single Variable and Linear Algebra,3,1.5,0,4,"Projesh Nath Choudhury(I+T),Sanjay Amrutiya(T),Indranath Sengupta(T),Rohit Kumar Mishra(T)",,360,,"C1,C2
(Jasubhai Auditorium)","H2
(7/101,7/210,7/103,7/104,7/105,7/110,7/201,7/204,7/205)",,,,,,
HS 201,World Civilizations and Cultures,3,0,0,4,"Madhumita Sengupta(I), V N Prabhakar(I), Sharada CV(I)",,,,"G1,G2
(1/101,1/102,Jasubhai Auditorium)",,,,,,,
PE 101,Physical Education,0,0,0,0,,,,,,,,,,,,
IN 101,Comprehensive Viva Voce,0,0,0,0,,,,,,,,,,,,
Second Year(2022),,,,,,,,,,,,,,,,,
ES 243,Biology for Engineers,3,1,0,4,"Ashutosh Srivastava(I+T),Umashankar Sing(I+T), Ashutosh Srivastava(T), Vijay Thiruvenkatam(T), Bhaskar Datta(T),Karla P. Mercado-Shekhar(T),Subramanian Sankaranarayanan(T), Mukesh Dhanka(T),Sudipta Basu(T)
",,299,,"G1,G2
(1/103)","F1
(7/101,7/210,7/103,7/104,7/105,7/110,7/201,7/204)",,https://drive.google.com/file/d/1nmjt6OpLDquCesiOBkcUbpNnrddmDEV8/view?usp=share_link,,,,
GE 201,"General Education II
(Half Semester Course - First Half)",3,0,0,2,TBD,,300,,"A1,A2
(1/103)",,,,,,,
HS 221,Introduction to Philosophy,3,0,0,4,Jaison Manjaly(I),,600,,"D1,D2
(1/103)",,,,,,,
MA 203,"Numerical Methods
(Half Semester Course - First Half)",3,1.5,0,2,"Akshaa Vatwani(I+T), Dilip Sundaram(I+T)",,300,,"B1,B2
(1/102, 1/103)","H1
(7/101,7/210,7/103,7/104,7/105,7/110,7/201,7/204)",,Course Plan,,,,
MA 204,"Introduction to Partial Differential Equations
(Half Semester Course - Second Half)",3,1.5,0,2,Rohit Kumar Mishra(I+T),,150,,"B1,B2
(1/103)","H1
(7/101,7/210,7/103,7/104,7/105,7/110,7/201,7/204)",,Course Plan,,,,
ES XXX,Science Basket Course,-,-,-,4,TBD,,,,TBD,TBD,,,,,,
ES 2XX,Engineering Thermodynamics,2,1,0,3,Atul Bhargav(I+T),,50,,"E1,E2
(7/102)",,,,,,,
ES 211,Thermodynamics,2,1,0,3,Atul Bhargav(I+T),,40,,"E1,E2
(1/101)",,,Course plan,,,,
MSE 202,Materials Thermodynamics,3,1,0,4,Raghavan Ranganathan(I+T),,,,"M1,M2
(7/202)","K1
(7/107)",,,,,,
EE 221,Electronic Devices,2,1,0,3,Jhuma Saha(I+T),,55,,"C1,C2
(7/209)",,,Course Plan,,,,
CE 201,"Earth Materials and Processes
(Half Semester Course)",1.5,0,3,2,Utsav Mannu(I+L),,29,,"E1,E2
(7/206)",,"I1,K1
(7/202)",Course Plan,,,,
CL 201,Chemical Process Calculations,2,1.5,0,3,Sameer Dalvi(I+T),,45,,"C1,C2
(7/208)",,,Course Plan,,,,
ES 242(N),Data Structures and Algorithms I,3,0,1.5,4,Balagopal Komarath(I+L),,105,,"P1,P2
(1/101)",,"K2
(7/108,7/109)",Course Plan,,,,
ES 244,"Signals, Systems, and Random Processes",3,1.5,0,4,"Nithin George(I+T), Shanmuganathan Raman(T)",,40,,"E1,F2
(7/209)","E2
(7/209,7/210)",,Course Plan,,,,
ES 221,Mechanics of Solids,3,1.5,0,4,Manish Kumar(I+T),,80,,"C1,C2
(7/102)","F2
(7/104,7/105)",,Course outline,,,,
ES 214,Discrete Mathematics,3,1,0,4,"Anirban Dasgupta(I+T), Neeldhara Misra(I+T)",,90,,"L1,L2
(1/101)","H2
(1/101)",,Course Website,,,,
CE 203,Geospatial Engineering,1.5,0,3,3,Vimal Mishra(I+L),,40,,"B1
(5/203)",,"I2,M1
(5/202)",,,,,
EE 223,Electrical Machines,2,1,1.5,4,Ragavan K(I+T+L),,60,,"I1,I2
(7/209)",,"K2,L2,N2,J1,L1
(EE Lab)",,,,,
MSE 207,Structure of Materials,3,1,0,4,Abhijit Mishra(I+T),,40,,"E1,E2
(5/202)","F2
(7/201)",,,,,,
MSE 204,Transport Phenomena in Materials Engineering,3,1,0,4,Sriharitha Rowthu(I+T),,40,,"I1,I2
(7/207)","K2
(7/205)",,,,,,
ME 206,Statics and Dynamics,2,1,1.5,4,Jayaprakash K. R.(I+T),,40,,"I1,I2
(7/206)","F2
(7/103)",,Course outline,,,,
ES 321,Dynamics and Vibrations,3,1,0,4,Jayaprakash K. R.(I+T),,63,,"C1,C2
(5/202)","M1
(7/208)",,,,,,
PE 103,Physical Education,0,0,0,0,,,245,,,,,,,,,
IN 103,Comprehensive Viva Voce,0,0,0,0,,,244,,,,,,,,,
5th Sem Chemical Engineering,,,,,,,,,,,,,,,,,
HS 151,Economics,3,1,0,4,"Deepak Singhania(I),TBD",,260,,"L1,H2
(1/103)","L2
(7/101,7/210,7/103,7/104,7/105,7/110)",,https://drive.google.com/file/d/1PsS3bgcCmhhq3D99bn-I5EaglA7UwkLc/view?usp=sharing,,,,
BS 191,Matter and Energy Laboratory,0,0,4,4,"Saumyakanti Khatua(L),Sudhanshu Sharma(L)",,242,,,,"J1,L1,N1
(7/101,7/102,7/103,7/104,7/105,7/106)",,,,,
CL 221,Chemical Engineering Thermodynamics,3,1,0,4,Mithun Radhakrishna(I+T),,42,,"E1,E2
(7/107)","H1
(7/102)",,Course Policy Document - CL 221 Chemical Engineering Thermodynamics.pdf,,,,
ES 311,Heat and Mass Transfer,3,1,0,4,"Soumyadip Sett(I+T),Biswajit Saha(T)",,92,,"B1,B2
(1/101)","F1
(7/209,7/107)",,,,,,
CL 322,Chemical Reaction Engineering,3,1,0,4,Abinaya Sampath(I+T),,43,,"C1,C2
(7/107)","G1
(7/102)",,Course Plan,,,,
CL 351,Heat Transfer and Thermodynamics Lab,0,0,3,2,Biswajit Saha(L),,43,,,,"I1,K1
(CL Lab)",,,,,
HS XXX,HSS Elective,,,,4,,,,,,,,,,,,
,Basic Science Elective,,,,4,,,,,,,,,,,,
IN 105,Comprehensive Viva Voce,0,0,0,0,,,209,,,,,,,,,
7th Sem Chemical Engineering,,,,,,,,,,,,,,,,,
CL 425,Process Synthesis and Design,3,1,0,4,Hari Ganesh(I+T),,30,,"E1,E2
(7/106)","H1
(7/106)",,https://drive.google.com/file/d/1vcorwHyTY5jNndu9m1-Bd4GwZ8sNgYiP/view?usp=sharing,,,,
CL 451,Process Dynamics and Control Lab,0,0,3,2,Nitin Padhiyar(L),,29,,,,"J1,L1
(CL Lab)",Course Plan,,,,
HS XXX,HS Elective,,,,,,,,,,,,,,,,
,Open Elective,,,,,,,,,,,,,,,,
,Open Elective,,,,,,,,,,,,,,,,
IN 107,Comprehensive Viva Voce,0,0,0,0,,,199,,,,,,,,,
5th Sem Civil Engineering,,,,,,,,,,,,,,,,,
HS 151,Economics,3,1,0,4,"Deepak Singhania(I),TBD",,260,,"L1,H2
(1/103)","L2
(7/101,7/210,7/103,7/104,7/105,7/110)",,,,,,
BS 191,Matter and Energy Laboratory,0,0,4,4,"Saumyakanti Khatua(L),Sudhanshu Sharma(L)",,242,,,,"J1,L1,N1
(7/101,7/102,7/103,7/104,7/105,7/106)",,,,,
CE 301,Soil Mechanics,3,1,2,5,"Amit Prashant(I+T),Ajanta Sachan(L)",,33,,"E1,E2
(7/207)","J1
(7/104)","I1,K1
(CE Lab)",,,,,
CE 302,Structural Analysis,3,1,0,4,Gaurav Srivastava(I+T),,33,,"C1,C2
(7/101)","G1
(7/101)",,,,,,
CE 303,Geospatial Engineering,1,0,3,3,Vimal Mishra(I+L),,32,,"B1
(5/203)",,"I2,M1
(5/202)",,,,,
CE 308,Water Resource Engineering,2,0,3,4,Udit Bhatia(I+L),,32,,"F1,F2
(7/205)",,"J2,M2
(7/207)",,,,,
HS XXX,HSS Elective,3,0,0,4,,,,,,,,,,,,
IN 105,Comprehensive Viva Voce,0,0,0,0,,,209,,,,,,,,,
7th Sem Civil Engineering,,,,,,,,,,,,,,,,,
CE 401,Comprehensive Project - 1,0,0,3,4,Dhiman Basu(L),,30,,,,"I1,K1
(7/203)",,,,,
HS XXX,HSS Elective,,,,,,,,,,,,,,,,
,BS Elective,,,,,,,,,,,,,,,,
,Open Elective,,,,,,,,,,,,,,,,
IN 107,Comprehensive Viva Voce,0,0,0,0,,,199,,,,,,,,,
5th Sem Computer Science and Engineering,,,,,,,,,,,,,,,,,
HS 151,Economics,3,1,0,4,"Deepak Singhania(I),TBD",,260,,"L1,H2
(1/103)","L2
(7/101,7/210,7/103,7/104,7/105,7/110)",,,,,,
BS 191,Matter and Energy Laboratory,0,0,4,4,"Saumyakanti Khatua(L),Sudhanshu Sharma(L)",,242,,,,"J1,L1,N1
(7/101,7/102,7/103,7/104,7/105,7/106)",,,,,
CS 302,Theory of Computation,3,1,0,4,Bireswar Das(I+T),,71,,"E1,E2
(7/208)","H1
(7/208)",,,,,,
CS 301,Operating Systems,3,0,1.5,5,"Rajat Moona(I),Abhishek Bichawat(L)",,93,,"A1,A2
(1/102)",,"N2
(7/108,7/109)",,,,,
ES 331,Probability and Random Processes,3,1,0,4,"Soumyabrata Chakrabarty(I+T),Sandip Lashkare(T)
",,88,,"B1,B2
(7/209)","F2
(7/110,7/101)",,Course Plan,,,,
HS 3XX,HSS Elective,,,,,,,,,,,,,,,,
,BS Elective,,,,,,,,,,,,,,,,
IN 105,Comprehensive Viva Voce,0,0,0,0,,,209,,,,,,,,,
7th Sem Computer Science and Engineering,,,,,,,,,,,,,,,,,
CS 433,Computer Networks,3,1,0,4,Sameer Kulkarni(I+T),,73,,"D1,D2
(7/208)","G2
(7/108)",,Course Plan,,,,
,Open Elective,,,,,,,,,,,,,,,,
,Open Elective,,,,,,,,,,,,,,,,
HS 3XX,HSS Elective,,,,,,,,,,,,,,,,
IN 107,Comprehensive Viva Voce,0,0,0,0,,,199,,,,,,,,,
5th Sem  Electrical Engineering,,,,,,,,,,,,,,,,,
"L2
(7/101,7/210,7/103,7/104,7/105,7/110)",Economics,3,1,0,4,"Deepak Singhania(I),TBD",,260,,"L1,H2
(1/103)","L2
(7/101,7/210,7/103,7/104,7/105,7/110)",,,,,,
BS 191,Matter and Energy Laboratory,0,0,4,4,"Saumyakanti Khatua(L),Sudhanshu Sharma(L)",,242,,,,"J1,L1,N1
(7/101,7/102,7/103,7/104,7/105,7/106)",,,,,
EE 332,Power Systems,3,1,0,4,Naran Pindoriya(I+T),,51,,"E1,E2
(7/202)","H1
(7/209)",,Course plan,,,,
ES 331,Probability and Random Processes,3,1,0,4,"Soumyabrata Chakrabarty(I+T),Sandip Lashkare(T)",,88,,"B1,B2
(7/209)","F2
(7/110,7/101)",,Course plan ES331,,,,
EE 321,Analog Circuits,3,1,3,5,Tarun Agrawal(I+T+L),,53,,"C1,C2
(5/203)","G1
(7/208)","I1,K1
(EE Lab)",,,,,
EE 311,Electromagnetic Waves,3,1,0,4,Ravi Hegde(I+T),,39,,"D1,D2
(7/101)","G2
(7/101)",,,,,,
HS XXX,HSS Elective,3,0,0,4,,,,,,,,,,,,
IN 105,Comprehensive Viva Voce,0,0,0,0,,,209,,,,,,,,,
7th  Sem  Electrical Engineering,,,,,,,,,,,,,,,,,
EE 411,Digital Signal Processing,3,1,0,4,Uttama Lahiri(I+T),,44,,"E1,E2
(7/203)","H1
(7/107)",,,,,,
EE 431,Electrical Systems Lab,0,0,3,2,Soumyabrata Chakrabarty(L),,,,,,"I2,M1,J2,M2
(EE Lab)",https://drive.google.com/file/d/1sZfdvdKWDlozsVD1OAL0H4JnosWSWSaN/view?usp=drive_link,,,,
HS XXX,HSS Elective (choose from list below),,,,,,,,,,,,,,,,
,Open Elective,,,,,,,,,,,,,,,,
,Open Elective,,,,,,,,,,,,,,,,
,Basic Science Elective (choose from list below),,,,,,,,,,,,,,,,
IN 107,Comprehensive Viva Voce,0,0,0,0,,,199,,,,,,,,,
5th  Sem  Mechanical Engineering,,,,,,,,,,,,,,,,,
HS 151,Economics,3,1,0,4,"Deepak Singhania(I),TBD",,260,,"L1,H2
(1/103)","L2
(7/101,7/210,7/103,7/104,7/105,7/110)",,,,,,
BS 191,Matter and Energy Laboratory,0,0,4,4,"Saumyakanti Khatua(L),Sudhanshu Sharma(L)",,242,,,,"J1,L1,N1
(7/101,7/102,7/103,7/104,7/105,7/106)",,,,,
ES 311,Heat and Mass Transfer,3,1,0,4,"Soumyadip Sett(I+T),Biswajit Saha(T)",,92,,"B1,B2
(1/101)","F1
(7/209,7/107)",,,,,,
ME 321,Mechanics of Deformable Bodies,3,1,0,4,"Ravi Ayyagari(I+T), Harini Subramaniam(T)",,49,,"E1,E2
(1/102)","D2
(1/102)",,Course Plan,,,,
ME 331,Manufacturing Processes and Systems,3,0,0,4,Prof. Ramakrishnan(I),,50,,"C1,C2
(7/202)",,,Course Plan,,,,
ME 351,Mechanical Engineering Laboratory I,0,0,3,2,"Uddipta Ghosh(L),Harmeet Singh(L)",,48,,,,"I1,K1
(5/202)",,,,,
HS XXX,HSS Elective,,,,,,,,,,,,,,,,
IN 105,Comprehensive Viva Voce,0,0,0,0,,,209,,,,,,,,,
7th Sem  Mechanical Engineering,,,,,,,,,,,,,,,,,
ME 461,Integrated Design and Manufacturing II,0,1,3,2,Prof. Ramakrishnan(I+T+L),,38,,"B1
(7/210)",,"M1,P1
(7/207)",Course Plan,,,,
HS XXX,HSS Elective,,,,,,,,,,,,,,,,
,Basic Science Elective,,,,,,,,,,,,,,,,
,Open Elective,,,,,,,,,,,,,,,,
,Open Elective,,,,,,,,,,,,,,,,
IN 107,Comprehensive Viva Voce,0,0,0,0,,,199,,,,,,,,,
5th Sem Materials Engineering,,,,,,,,,,,,,,,,,
HS 151,Economics,3,1,0,4,"Deepak Singhania(I),TBD",,260,,"L1,H2
(1/103)","L2
(7/101,7/210,7/103,7/104,7/105,7/110)",,,,,,
BS 191,Matter and Energy Laboratory,0,0,4,4,"Saumyakanti Khatua(L),Sudhanshu Sharma(L)",,242,,,,"J1,L1,N1
(7/101,7/102,7/103,7/104,7/105,7/106)",,,,,
MSE 303 (N),Mechanical Behaviour of Materials,3,0,3,5,"Pradipta Ghosh(I),TBD",,20,,"G1,G2
(7/201)",,"I1,K1
(MSE Lab)",,,,,
MSE 304,Principles of Metal Extraction and Refining,3,0,0,4,Surya P Mehrotra(I),,19,,"C1,C2
(7/210)",,,Course Plan,,,,
MSE 305,Advanced Materials,3,0,0,4,Superb Misra(I),,24,,"B1,B2
(7/106)",,,,,,,
MSE 310,Physics of Materials,3,1,0,4,Gopinadhan Kalon(I+T),,34,,"F1,F2
(7/206)","E2
(7/104)",,Course Plan,,,,
HS XXX,HSS Elective,,,,,,,,,,,,,,,,
IN 105,Comprehensive Viva Voce,0,0,0,0,,,,,,,,,,,,
7th Sem Materials Engineering,,,,,,,,,,,,,,,,,
MSE 402,Computational Process Design,3,1,0,4,TBD,,24,,"C1,C2
(7/103)","G1
(7/103)",,,,,,
HS XXX,HSS Elective,,,,,,,,,,,,,,,,
,Basic Science Elective,,,,,,,,,,,,,,,,
,Open Elective,,,,,,,,,,,,,,,,
,Open Elective,,,,,,,,,,,,,,,,
IN 107,Comprehensive Viva Voce,0,0,0,0,,,199,,,,,,,,,
Electives,,,,,,,,,,,,,,,,,
Orientation Programme: ALL New Postgraduate Students,,,,,,,,,,,,,,,,,
FP 501,Aarohan (For 2023 MSc and MA students),0,0,0,2,"Anupama Pradeepan, Biswajit Saha, Soumyadip Sett, Sushmit Bagchi",,,,,,,,,,,
FP 601,"Aarohan (For 2023 MTech, PGDIIT and PhD students)",0,0,0,2,"Anupama Pradeepan, Biswajit Saha, Soumyadip Sett, Sushmit Bagchi",,,,,,,,,,,
Additional Courses: Physical Education for Postgraduate Students,,,,,,,,,,,,,,,,,
PE 500,Physical Education (For 2023 MSc and MA students),0,0,0,0,,,153,,,,,,,,,
PE 600,"Physical Education (For 2023 MTech, PGDIIT and PhD students)",0,0,0,0,,,193,,,,,,,,,
Additional courses BE,,,,,,,,,,,,,,,,,
BE 301,Molecular Genetics,3,0,0,2,Sharad Gupta(I),,5,,"M1,M2
(7/210)",,,Course Plan,,,,
BE 303,Bionanotechnology – Principles and Applications,3,0,0,4,Dhiraj Bhatia(I),,38,,"J1,J2
(7/210)",,,https://docs.google.com/document/d/11VfDXgCM3tOPuxL4R8ntlNY6GtcIhirn/edit?usp=sharing&ouid=114828150794801814953&rtpof=true&sd=true,,,,
BE 401(2),Methods in Biology,0,0,3,2,Sharmistha Majumdar(L),,40,,,,"I1,K1
(BE Lab)",,,,,
BE 405,Introduction to Plant Biotechnology,3,0,0,4,Subramanian Sankaranarayanan(I),,40,,"L1,L2
(7/204)",,,https://drive.google.com/file/d/1eR7PR6k4KXIPfnA7dzsJwxalQgK2s7D4/view?usp=sharing,,,,
BE 406,Systems Biology,3,0,0,4,Ashutosh Srivastava(I),,,,"J1,J2
(5/203)",,,https://drive.google.com/file/d/197FDy0ril1fFhdati6N8ynL5lfHWnPRy/view?usp=sharing,,,,
BE 601,Applied Biological Engineering,3,0,0,4,Mukesh Dhanka(I),,7,,"K1,K2
(7/101)",,,,,,,
BE 607,Molecular and Cellular Biotechnology,3,0,0,4,Sharmistha Majumdar(I),,17,,"D1,D2
(7/205)",,,,,,,
BE 610,Molecular Oncology,3,0,0,4,Umashankar Singh(I),,3,,"A1,A2
(7/107)",,,https://docs.google.com/document/d/1YJ9_t4HUA-kGBuc7htb7uR7u_hByUU_cZWah5NPhXj8/edit,,,,
BE 613,Biochemistry,3,0,0,4,Sharad Gupta(I),,32,,"N1,N2
(7/208)",,,Course Plan,,,,
BE 614,Biostatistics,1.5,0,3,4,Karla P. Mercado-Shekhar(I+L),,39,,"M1
(7/101)",,"F2,H2
(7/109)",https://iitgnacin-my.sharepoint.com/:b:/g/personal/karlamshekhar_iitgn_ac_in/EYnhZTPUC4xDoY-cM9AgLtgBnlS7nFobHVSPHHBZeJJNmQ?e=u5H4Cr,,,,
Additional courses CE,,,,,,,,,,,,,,,,,
CE 601,Advanced Geotechnical Engineering,3,0,3,5,Ajanta Sachan(I+L),,8,,"L1,L2
(5/203)",,"I2,M1
(CE Lab)",Course Plan,,,,
CE 607,Advanced Structural Analysis,3,0,0,4,Manish Kumar(I),,5,,"I1,I2
(7/205)",,,Course outline,,,,
CE 611,Advanced Engineering Hydrology,3,0,0,4,Vimal Mishra(I),,6,,"N1,N2
(7/203)",,,,,,,
CE 622,Structural Dynamics,3,0,0,4,Dhiman Basu(I),,5,,"L1,L2
(7/205)",,,Course Plan,,,,
CE 625,Advanced Hydraulic Engineering,3,0,0,4,Pranab Mohapatra(I),,5,,"D1,D2
(7/204)",,,Course Plan,,,,
CE 627,Slopes and Retaining Structures,3,0,0,2,SR Gandhi(I),,9,,"E2
(7/105)",,,https://drive.google.com/file/d/1vcpjBV3I8I5zkSBPaZu5njbhRW5drlPE/view?usp=sharing,,,,
CE 633,Infrastructure Systems: Planning and Management,3,0,0,4,Udit Bhatia(I),,10,,"I1,I2
(7/210)",,,https://iitgnacin-my.sharepoint.com/:b:/g/personal/bhatia_u_iitgn_ac_in/EZcdHdHiCrRJmbBd9Ou_-PgBgll1E5uEj1v9ShZMbQ3RdQ?e=dqXKXE,,,,
CE 634,Air Pollution Control Engineering,3,0,0,4,Sameer Patel(I),,4,,"N1,N2
(7/110)",,,Course Plan,,,,
CE 635,Pavement Materials and Design,3,0,0,4,"Sushobhan Sen(I)
",,40,,"M1,M2
(7/102)",,,https://docs.google.com/document/d/1t8e5ONkv04C0HtzBbZQvr5grnN7vF4VN/edit?usp=sharing&ouid=101703616946312471866&rtpof=true&sd=true,,,,
ES 621,Advanced Solid Mechanics,3,0,0,4,Dhiman Basu(I),,23,,"G1,G2
(7/106)",,,Course Plan,,,,
CE 691-VI,Special Topics in Civil Engineering: Domestic Wastewater Engineering (Treatment and Reuse),3,0,0,4,Sudhir Kumar Arora(I),,,,"N1,N2
(7/104)",,,https://drive.google.com/drive/folders/1hIWNA9OyNtcrvmss7ltJJdYH6saMCDRr?usp=sharing,,,,
Additional courses CL,,,,,,,,,,,,,,,,,
CL 426,Biochemical Engineering,3,0,0,4,Karthik Subramaniam(I),,7,,"M1,M2
(7/103)",,,Course Plan,,,,
BS 401,Nanoscale Science,3,0,0,4,Kabeer Jasuja(I),,40,,"J1,J2
(7/201)",,,Course Plan,,,,
CL 601,Advance Transport Phenomena,3,1,0,4,Pratyush Dayal(I+T),,20,,"L1,L2
(7/206)","J2
(7/101)",,Course Plan,,,,
CL 605,Colloidal Domain: Where Science Meets Engineering,3,0,0,4,Prachi Thareja(I),,17,,"K1,K2
(7/103)",,,,,,,
CL 630,Catalyst Design for Heterogeneous Reactions,3,0,0,4,Abinaya Sampath(I),,40,,"P1,P2
(7/210)",,,Course Plan,,,,
ES 617,Design of Experiments,3,0,0,4,Nitin Padhiyar(I),,,,"M1,M2
(7/208)",,,https://docs.google.com/document/d/1m85mDIzf9Y0JfyJUQqlYgE6zWyQs6eFL/edit?usp=sharing&ouid=102766002145341627442&rtpof=true&sd=true,,,,
ES 635,Water Quality Engineering,3,0,0,4,Chinmay Ghoroi(I),,,,"N1,N2
(7/202)",,,Course Plan,,,,
Additional courses CSE,,,,,,,,,,,,,,,,,
CS 434,Software Engineering and Testing,3,1,0,4,Shouvick Mondal(I+T),,,,"I1,I2
(7/208)","F2
(7/208)",,https://sites.google.com/view/shouvick/shouvick-mondal/software-engineering-and-testing-cs434?authuser=0,,,,
CS 610,Algorithms,3,0,0,4,Manoj Gupta(I),,33,,"C1,C2
(7/105)",,,Plan,,,,
CS 612,Computer Systems,3,0,0,4,"Sameer Kulkarni(I),Abhishek Bichawat(I)",,30,,"F1,F2
(5/203)",,,Course Plan,,,,
CS 613,Natural Language Processing,3,0,0,4,Mayank Singh(I),,14,,"I1,I2
(7/102)",,,Course website,,,,
CS 617,Computational Complexity Theory,3,0,0,4,"Bireswar Das(I),Balagopal Komarath(I)",,14,,"I1,I2
(7/103)",,,,,,,
ES 645,Optimization Methods for Machine Learning,3,0,0,4,Anirban Dasgupta(I),,,,"D1,D2
(7/206)",,,https://sites.google.com/iitgn.ac.in/es645-2022/home,,,,
ES 661,Probabilistic Machine Learning,3,0,0,4,Nipun Batra(I),,60,,"K1,K2
(5/203)",,,https://nipunbatra.github.io/pml2023/,,,,
CS 691-XIV,Special Topics in Computer Science: Usable Privacy and Security,3,0,0,4,Abhishek Bichhawat(I),,,,"G1,G2
(7/104)",,,,,,,
CS 691-XV,Special Topics in Computer Science: Understanding Large Language Models,3,0,0,4,"Manoj Agarwal(I), Anirban Dasgupta(I)",,,,"M1,M2
(1/102)",,,"https://iitgnacin-my.sharepoint.com/:w:/g/personal/anirbandg_iitgn_ac_in/ESQUMii9cvdIn4MEocsQYYEB7LIqM2aeGXc6f_GvbwJcAA?e=3KHuIP


One app for all your Word, Excel, PowerPoint and PDF needs. Get the Microsoft 365 app: https://aka.ms/GetM365",,,,
Additional courses EE,,,,,,,,,,,,,,,,,
EE 644,Physics of Transistors,3,0,0,4,Nihar Mohapatra(I),,14,,"A1,A2
(7/106)",,,,,,,
EE 426,Electric Vehicle Technology,3,0,0,4,Pallavi Bharadwaj(I),,40,,"N1,N2
(7/201)",,,https://docs.google.com/document/d/15st1YlKiUrl3fmdz1GgEHrBKsHee3xqn/edit?usp=share_link&ouid=107637480267446769844&rtpof=true&sd=true,,,,
EE 605,Digital Image Processing,3,0,0,4,Shanmuganathan Raman(I),,40,,"M1,M2
(7/104)",,,Course Plan,,,CSE,
EE 617 (N),VLSI Design,3,0,0,4,Joycee Mekie(I),,40,,"B1,B2
(7/203)",,,,,,,
EE 648,Dynamic Behaviour of Electric Machines,3,0,1.5,5,Ragavan K(I+L),,7,,"D1,D2
(7/207)",,"J2
(EE Lab)",,,,,
ES 414,Introduction to Photonics,3,1,0,4,Arup Chakraborty(I+T),,12,,"J1,J2
(7/204)","M1
(7/105)",,,,,,
ES 616,Digital Control Systems,3,1,0,4,S Rajendran(I+T),,16,,"F1,F2
(5/202)","H2
(7/106)",,Course Plan ,,,,
EE 629,Power Electronic Converters,3,1,0,4,S Rajendran(I+T),,40,,"L1,L2
(7/207)","J2
(7/103)",,Course Plan ,,,,
EE 656,Digital VLSI Circuits Laboratory,0,0,3,2,Joycee Mekie(L),,40,,,,"J2,M2
(7/108)",,,,,
EE 655,Heterostructure Devices,3,0,0,4,Jhuma Saha(I),,40,,"K1,K2
(7/104)",,,Course Plan,,,,
ES 657,Biomedical Ultrasound,3,0,0,4,Himanshu Shekhar(I),,40,,"P1,P2
(7/103)",,,Course Plan,,,,
ES 663,Smart Renewable Energy Systems,3,0,0,4,Pallavi Bharadwaj(I),,,,"I1,I2
(7/106)",,,https://docs.google.com/document/d/1LWO_6q3XPjxvdCoceyuHhHPVORz9ms-O/edit?usp=share_link&ouid=107637480267446769844&rtpof=true&sd=true,,,,
EE 691-VII,Special Topics in Electrical Engineering: Economics of Regulation in India,3,0,0,4,Anand Kumar(I),,,,"M1,M2
(7/209)",,,https://docs.google.com/document/d/1wegHW3P2sVN9bJVfnc05UfrEI28rxjgC/edit?usp=drive_link&ouid=114299862189998056218&rtpof=true&sd=true,,,,
EE 691-VIII,Special Topics in Electrical Engineering: Memory Device Technologies and Applications,3,0,0,4,Sandip Lashkare(I),,,,"J1,J2
(7/206)",,,Course Plan,,,,
Additional courses ME,,,,,,,,,,,,,,,,,
ES 607,Foundations of Fluid Dynamics,3,1,0,4,Uddipta Ghosh(I),,15,,"C1,C2
(5/202)","G1
(7/207)",,,,,,
ES 613,Modern Control Theory,3,0,0,4,Madhu Vadali(I),,40,,"D1,D2
(7/110)",,,,,,,
ME 605,Computational Fluid Dynamics,3,1.5,0,4,Dilip Sundaram(I),,12,,"P1,P2
(7/104)","H1
(7/207)",,Course Plan,,,,
ME 639,Introduction to Robotics,3,0,0,4,Harish P. M.(I),,22,,"C1,C2
(7/106)",,,Course Plan,,,Robotics,
ME 691-I,Special Topics in Mechanical Engineering: Mechanical Vibration analysis,3,0,0,4,Anuj Kumar Tiwari(I),,22,,"K1,K2
(7/207)",,,,,,,
"ME 691-II
",Special Topics in Mechanical Engineering: Dynamics and Control through household objects,3,0,0,4,Vineet Vashista(I),,22,,"F1,F2
(7/207)",,,,,,,
ME 691-XI,Special Topics in Mechanical Engineering: Advanced Robotics,3,0,0,4,Vineet Vashista(I),,22,,"M1,M2
(7/201)",,,https://drive.google.com/file/d/16HcWc0A1Irp-_6F9G78sr-sqo277bDS8/view?usp=sharing,,,,
ME 691-XII,Special Topics in Mechanical Engineering: Mechanics of Composite Structures,3,0,0,4,Harini Subramanian(I),,,,"K1,K2
(7/207)",,,Course Plan,,,,
Additional courses MSE,,,,,,,,,,,,,,,,,
MSE 355,Surface Engineering,3,0,0,4,Sriharitha Rowthu(I),,7,,"D1,D2
(7/210)",,,,,,,
MSE 403,Science and Technology of Welding and Joining,3,0,0,4,Amit Arora(I),,5,,"M1,M2
(7/107)",,,,,,,
MSE 622,Advance Metal Forming Technology,3,0,0,4,Jyoti Mukhopadhyay(I),,7,,"D1,D2
(7/106)",,,,,,,
MSE 629,Structure and Defects of Materials,3,0,0,4,Abhijit Mishra(I),,25,,"D1,D2
(7/103)",,,,,,,
MSE 631,Thermodynamics of Materials,3,0,0,4,Abhay Gautam(I),,11,,"F1,F2
(7/102)",,,,,,,
MSE 632,Characterization of Materials,3,0,3,4,Emila Panda(I),,17,,"A1,A2
(7/206)",,"J1,L1
(MSE Lab)",,,,,
MSE 633,Transmission Electron Microscopy,3,0,3,5,Abhay Gautam(I),,1,,"I1,I2
(7/104)",,"K2,L2
(MSE Lab)",,,,,
Additional courses CH,,,,,,,,,,,,,,,,,
CH 203,"Fundamentals and Applications of Spectroscopy (Science Basket Course)
",3,0,0,4,Saumyakanti Khatua(I),,,,"M1,M2
(1/101)",,,https://iitgnacin-my.sharepoint.com/:b:/g/personal/khatuask_iitgn_ac_in/Ee-bo5N0FgBHpdty-sy3K8oBT32XXLa3lvQ4aPE-uDqO9w?e=oM4X6p,,,,
CH 302,Electrochemical Science and Engineering,3,1,0,4,Sudhanshu Sharma(I+T),,,,"P1,P2
(7/203)","J2
(7/104)",,https://docs.google.com/document/d/13WfytQf8IwSN3RcPlt_nMRpmv6QHIKG-/edit?usp=sharing&ouid=106611580782814886493&rtpof=true&sd=true,,,,
CH 401,Food Chemistry,3,1,0,4,Iti Gupta(I+T),,,,"M1,M2
(7/106)","J1
(7/205)",,Course Plan,,,,
CH 506,Physical Organic Chemistry,3,0,0,4,Sriram Kanvah(I),,39,,"A1,A2
(7/102)",,,,,,,
CH 510,Main Group and Transition Metal Chemistry,3,0,0,4,Biswajit Mondal(I),,28,,"A1,A2
(7/203)",,,https://drive.google.com/file/d/1fy5ocpPQ-Bm5rfVhtUAjy4vFduf3spN4/view?usp=drive_link,,,,
CH 511,Quantum Chemistry,3,0,0,4,Sairam Mallajosyula(I),,27,,"F1,F2
(7/203)",,,,,,,
CH 513,Advanced Organic Chemistry,3,0,0,4,Sivapriya Kirubakaran(I),,31,,"D1,D2
(7/102)",,,https://docs.google.com/document/d/1n2tfWwe1WYLWLmSQBW22YUmqvxAsb-V7xuimkz_bBtQ/edit?userstoinvite=chowdhurydipannita%40iitgn.ac.in&actionButton=1,,,,
CH 522,Inorganic Chemistry Laboratory,0,0,3,2,Iti Gupta(L),,25,,,,"I1,K1
(CH Lab)",course plan,,,,
CH 523,Organic Chemistry Laboratory,0,0,3,2,Chandrakumar Appayee(L),,25,,,,"J1,L1
(CH Lab)",Course Plan,,,,
CH 616,Applied Chemical Biology,3,0,0,4,Sudipta Basu(I),,5,,"P1,P2
(7/102)",,,https://drive.google.com/file/d/1zIR1D7KLDlz1mNGwUNc0tty2Dc0meyvf/view?usp=drive_link,,,,
CH 622,Interpretative Organic Spectroscopy,3,0,0,4,Bhaskar Datta(I),,36,,"B1,B2
(7/207)",,,https://drive.google.com/file/d/1CZFagqtYV2aEaDKquqKNv_vCGpC0PJJ-/view?usp=drive_link,,,,
CH 626,Asymmetric Synthesis and Catalysis,3,0,0,4,Chandrakumar Appayee(I),,4,,"F1,F2
(7/207)",,,Course Plan,,,,
CH 635,Chemical Crystallography,2,0,1,4,Vijay Thiruvenkatam(I+L),,,,"M1,M2
(7/203)",,,Course Plan,,,,
CH 636,Statistical Thermodynamics and its Applications in Chemistry,3,0,0,4,Anirban Mondal(I),,40,,"L1,L2
(7/107)",,,https://docs.google.com/document/d/1mpQ9juylejXMIJgohufm3rcvod24PSW0/edit?usp=sharing&ouid=103258557153279204170&rtpof=true&sd=true,,,,
Additional courses MA,,,,,,,,,,,,,,,,,
MA 501,Basic Algebra,3,1,0,4,Indranath Sengupta(I+T),,35,,"I1,I2
(7/110)","H1
(7/203)",,Course Plan,,,,
MA 504,Introduction to Linear Algebra,3,1,0,4,Arnab Saha(I+T),,56,,"A1,A2
(7/208)","G2
(7/209)",,Course Plan,,,,
MA 509,Topics in Real Analysis,3,1,0,4,Chetan Pahlajani(I+T),,35,,"D1,D2
(7/104)","M2
(7/101)",,Course Plan,,,,
MA 510,Topology,3,1,0,4,Bipul Saurabh(I+T),,36,,"E1,E2
(7/204)","G1
(7/105)",,Course Plan,,,,
MA 601,"Applied Linear Algebra, Probability and Statistics",3,1.5,0,4,Mohan Joshi(I+T),,25,,"K1,K2
(7/105)","J1
(7/207)",,https://drive.google.com/file/d/12qQMD1y_7TdYeDuvp6wWVnCBjjS80iMa/view?usp=share_link,,,,
MA 623,Number Theory,3,0,0,4,Atul Dixit(I),,22,,"A1,A2
(7/207)",,,https://drive.google.com/file/d/1y407MwNIkptFBFL0S9tUE7CZTXLlxhvy/view?usp=sharing,,,,
MA 624,Partial Differential Equations,3,0,0,4,Jagmohan Tyagi(I),,38,,"C1,C2
(7/207)",,,https://drive.google.com/file/d/1al1zBKD3rnQ4ayuYTrCCyime6uGOv4Gb/view?usp=sharing,,,,
MA 626,Functional Analysis,3,0,0,4,Prof. Gadadhar Misra(I),,37,,"B1,B2
(7/202)",,,https://www.dropbox.com/s/gdpddbhc6woyivg/MA626-MeasureThFuncA.pdf?dl=0,,,,
MA 627,Algebraic Topology,3,0,0,4,Sanjay Amrutiya(I),,10,,"D1,D2
(7/105)",,,Course Plan,,,,
MA 630,Probability Theory,3,0,0,4,Chetan Pahlajani(I),,,,"F1,F2
(1/101)",,,Course Plan,,,,
MA 632,Applied Statistics,2,0,2,4,Tanya Srivastava(I+L),,40,,"P1,P2
(7/202)",,"H1
(7/108)",Course Plan,,,,
MA 691-III,Special Topics in Mathematics: Conservation Laws and Nonlinear Waves,3,0,0,4,V D Sharma(I),,,,"G1,G2
(7/110)",,,Course Plan,,,,
MA 691-IV,Special Topics in Mathematics: Elliptic Curves and Surfaces,3,0,0,4,Tanya Srivastava(I),,,,"K1,K2
(7/102)",,,Course Plan,,,,
Additional courses PH,,,,,,,,,,,,,,,,,
ES 410,Introduction to Inverse Modelling in Physical Sciences,3,0,0,4,Anand Sengupta(I),,5,,"I1,I2
(7/105)",,,"Course Plan
About the course: https://youtu.be/rIAFCNIYMfE",,,,
PH 404,Molecular and Crystal Physics,3,0,0,4,Rupak Banerjee(I),,28,,"N1,N2
(7/205)",,,Course Plan,,,,
PH 502,Mathematical Methods of Physics - I,3,1,0,4,Ravinder Puri(I+T),,52,,"E1,E2
(5/203)","H1
(5/203)",,PH502-Sem1:2023-24,,,,
PH 503,Quantum Mechanics I,3,1,0,4,Arpan Bhattacharyya(I+T),,46,,"C1,C2
(7/203)","F2
(7/107)",,Tentative course Plan ,Knowledge of undergraduate level quantum mechanics will be assumed. ,,,
PH 505,Classical Electrodynamics,3,1,0,4,Rusa Mandal(I+T),,49,,"P1,P2
(7/204)","D2
(7/202)",,Course Plan,,,,
PH 508,Classical Mechanics,3,0,0,4,Sudipta Sarkar(I),,47,,"B1,B2
(7/102)",,,Course Plan,,,,
PH 510,Condensed Matter Physics,3,1,0,4,Chandan Kumar Mishra(I+T),,25,,"B1,B2
(5/202)","H1
(1/101)",,Course Plan,,,,
PH 605,Topics in Classical Mechanics and Electrodynamics,3,0,0,4,"Ravinder Puri(I),Vinod Chandra(I)",,8,,"M1,M2
(7/110)",,,PH605-Sem1:2023-24,,,,
PH 608,Tools of Theoretical Physics,3,0,0,4,Vinod Chandra(I),,7,,"C1,C2
(7/104)",,,PH608-CoursePlan,,,,
PH 609,Introduction to Einstein’s Theory of General Relativity,3,1,0,4,Urjit Yajnik(I+T),,40,,"J1,J2
(7/107)","H1
(5/202)",,course plan,,,,
PH 610,Quantum Field Theory I,3,0,0,4,Baradhwaj Coleppa(I),,12,,"F1,F2
(7/106)",,,,,,,
PH 614,Atomic and Molecular Physics,3,0,0,4,Krishnakanti Dey(I),,30,,"P1,P2
(7/205)",,,Course Plan,,,,
PH 616,Quantum Optics,3,0,0,4,Prasanna Venkatesh(I),,40,,"L1,L2
(7/202)",,,Course Plan       Google Classroom,,,,
PH 646,Advanced Statistical Physics,3,0,0,4,Sutapa Roy(I),,8,,"I1,I2
(7/205)",,,,,,,
PH 648,Semiconductor Optoelectronics,3,0,0,4,Krista Khiangte(I),,8,,"K1,K2
(7/106)",,,Course Plan for PH648.docx,,,,
PH 691-III,Special Topics in Physics: Nanomagnetism and Spintronics,3,0,0,4,Naveen Sisodia(I),,,,"I1,I2
(7/101)",,,Course Plan,,,,
Additional Course EH,,,,,,,,,,,,,,,,,
EH 601 (N),Earth Surface Processes in the Anthropocene,3,0,1.5,4,Vikrant Jain(I+L),,,,"P1,P2
(7/206)",,"N2
(7/101)",,,,,
EH 605,Modeling of Earth System and Sustainability,3,0,0,4,R. N. Singh(I),,7,,"L1,L2
(5/202)",,,https://drive.google.com/file/d/1vky30z9OG9_Pg0gUoVNe7O4ci2KMIx3-/view?usp=sharing,,,,
EH 608,Biodiversity Conservation and Sustainable Development,3,0,0,4,C. N. Pandey(I),,40,,"N1,N2
(7/206)",,,,,,,
EH 614,Physics of the Lithosphere,3,0,0,4,Utsav Mannu(I),,40,,"M1,M2
(7/204)",,,Course Plan and Introduction,,,,
EH 616,Materials of Earth’s Deep Interior,3,0,0,4,Rajkrishna Dutta(I),,40,,"J1,J2
(7/202)",,,,,,,
EH 691-III,Special Topics in Earth Science: Microwave Remote Sensing,3,0,0,4,P. C. Pandey(I),,6,,"P1,P2
(7/107)",,,,,,,
EH 691-IX,Special Topics in Earth Sciences: Monsoon Dynamics,3,0,0,4,Parthasarathi Mukopadhyay(I),,8,,"P1,P2
(7/106)",,,,,,,
Additional Courses CG,,,,,,,,,,,,,,,,,
CG 503,Fundamentals of Cognitive Psychology,3,0,0,4,Meera Mary Sunny(I),,20,,"A1,A2
(7/202)",,,Also counted as HSS Course,,,,
CG 504,Research Methods in Cognitive Science,1.5,0,1.5,4,Pratik Mutha(I+L),,17,,"C1
(7/201)",,"C2
(7/201)",Also counted as HSS Course,,,,
CG 505,Fundamental Neuroscience,3,0,0,4,Pratik Mutha(I),,24,,"D1,D2
(7/201)",,,,,,,
CG 506,Experimental Techniques in Cognitive Science,1.5,0,1.5,4,"Krishna Miyapuram(I+L),Uttama Lahiri(I+L)",,,,"F1
(7/202)",,"F2
(7/202)",Experimental Techniques Course plan,,,,
CG 591-III,"Special Topics in Cognitive Science: Consumer Behaviour*
(Subject to Approval)",3,0,0,4,Marcos Severo(I),,,,"N1,N2
(Online)",,,Also counted as HSS Course,,,,
CG 606,Philosophy of Mind,3,0,0,4,Jaison Manjaly(I),,40,,"B1
(7/206)
F2
(7/204)",,,,,,,
CG 612,Neural Plasticity,3,0,0,4,Leslee Lazar(I),,,,"I1,I2
(5/203)",,,Course Plan,,,,
CG 692-I,Special Topics in Cognitive Science: Analysis and Modelling of Locomotion (First Half),3,0,0,2,"Aminian Kamiar(I),Vineet Vashista(I)
",,,,"J1,J2
(7/106)",,,https://drive.google.com/file/d/15Nb3mdM2mLCPeTw05pLB_d_7JY179gQS/view?usp=sharing,,,,
CG 692-II,Special Topics in Cognitive Science: Tethered Rationality (Second Half),3,0,0,2,Vinod Goyal(I),,,,"L1,L2
(7/106)",,,,,,,
"Additional Courses Design, HSS, Management",,,,,,,,,,,,,,,,,
FP 602,"Writing
(For MTech and PhD students only)",1,0,3,4,"Sharmita Lahiri(I+L),Leslee Lazar(L),Monal Desai(L),Nivid Desai(L),Devapreeta Jena(L),GTF(L)",,233,,"E1
(1/103)",,"G1,G2
(7/204,7/205,7/206,7/202,7/203,5/202)",,,,,
HS 103,French Studies,3,0,0,4,TBD,,,,"I1,I2
(7/107)",,,,,,,
HS 104,Foundational Sanskrit,3,1,0,4,Mana Shah(I+T),,,,"M1,M2
(7/205)","J1
(7/101)",,Course plan,,,,
HS 105,Chinese Language & Culture for Beginners,3,0,0,4,TBD,,,,"K1,K2
(7/210)",,,,,,,
HS 108,Japan Studies (First Half of the Semester from September 1),3,0,0,2,Shungo Kawanishi(I),,,,"N1,N2,P1,P2
(5/202)",,,,,,,
HS 111,Urdu Script and Poetry,3,1,0,4,Mohd. Mubashshir(I+T),,32,,"N1,N2
(7/207)","J2
(7/105)",,,,,,
HS 112,Urdu Poetry Interpretation,3,1,0,4,Mohd. Mubashshir(I+T),,38,,"K1,K2
(7/201)","J1
(7/203)",,,,,,
HS 191-I,Special Topics in HSS: Mandarin for Beginners,3,0,0,4,"Kao, Hao -Tsung(I)",,,,"J1,J2
(7/110)",,,,,,,
HS 191-II,Special Topics in HSS: Basic Mandarin Conversation (Listening and Speaking),3,0,0,4,"Kao, Hao -Tsung(I)",,,,"N1,N2
(7/204)",,,,,,,
DES 201,Technopreneurship: Product Proposition,2,0,3,4,"Uttama Lahiri(I+L), Manasi Kanetkar(I+L)",,,,"M1,M2
(5/203)",,"L2,N2
(7/102)",Course document  Google classroom code: v2qdnlu,,,,
MS 403,Engineering Entrepreneurship,3,0,0,4,Raj Jaswa(I),,,,"J1,J2
(Online)",,,,,,,
MS 404,Neuromarketing,3,0,0,2,Krishna Miyapuram(I),,,,"H1,H2
(7/206)",,,Neuromarketing Course plan,,,,
MS 408,Financial Considerations in Engineering Decisions,3,0,0,4,Chelva Kumar(I),,,,"K1,K2
(7/110)",,,,,,,
HS 425,Introduction to Archaeology,3,0,0,4,Sharada CV(I),,32,,"P1,P2
(7/110)",,,Course plan,,,,
IN 491,Special Topics: Foundations of User Experience,3,0,0,4,Nuno Guimaraes(I),,,,"N2,P2
(7/105)",,,Course plan (updated July 16th 2023),,,,
MS 491-I,Special Topics in Management: Product Management,3,0,0,4,Deepkumar Verma(I),,,,"P1,P2
(7/101)",,,Course plan,,,,
HS 492-VII,Special Topics in HSS: Anthropology of Visual Systems (2nd half),3,0,0,2,Rosa Perez(I),,,,"J1,J2
(7/102)",,,,,,,
MS 491,Special topics in Management: Marketing Analytics,3,0,0,4,Marcos Severo(I),,,,"Monday,Wednesday
(6:30 pm to 8 pm)",,,https://drive.google.com/file/d/1RmKwv6H6V3IT8Fy7G4hsLLzwDCZ5ORsC/view?usp=drive_link ,Google Classroom code: 5qetg35,,,
MS 491-VI,Special Topics in Management: Entrepreneurship and New Ventures,3,0,0,4,Rajiv Joshi(I),,,,"K2,J2
(7/203)",,,https://docs.google.com/document/d/1Ma2-sXomnMBeae2v-7WWwh2dizZQQbbK/edit?usp=sharing&ouid=113127984110369975061&rtpof=true&sd=true,,,,
HS 491-XI,Special Topics in HSS: Understanding and Designing Comics and Graphic Novels,3,0,0,4,Argha Manna(I),,40,,"I1,I2
(7/201)",,,https://docs.google.com/document/d/109uHRZoAivfDRjgsbtxwPGr6dS7EHWkI/edit?usp=share_link&ouid=108142795737639680996&rtpof=true&sd=true,,,,
HS 492-III,Special Topics in HSS: Anthropology in the 21st Century,3,0,0,2,Rosa Perez(I),,9,,"M1,M2
(7/205)",,,,,,,
HS 510,Perspectives on Indian Civilization,3,0,0,4,Alok Kumar Kanungo(I),,39,,"C1,C2
(7/205)",,,https://drive.google.com/file/d/1jQ_0nWNfcq5PXkne719hmax4ajCW_K9C/view?usp=drive_link,,MA Core Course,,
HS 519,Linguistic Anthropology,3,0,0,4,Nishaant Choksi(I),,21,,"J1,J2
(7/209)",,,https://docs.google.com/document/d/1PFQ7zJ9-TE9YXYs64ylsCvPWBuDgf-FQ6HOMO0zyqi0/edit?usp=share_link,,,,
HS 520,Ancient Indian Architecture,3,0,0,4,V N Prabhakar(I),,38,,"L1,L2
(7/203)",,,Course Plan,,,,
HS 524,Qualitative Research Methods,3,0,0,4,Ambika Aiyadurai(I),,,,"D1,D2
(7/107)",,,Course Plan,,MA Core Course,,
HS 591-I,Special Topics in HSS: World Englishes,3,0,0,4,Jooyoung Kim(I),,7,,"K1,K2
(7/204)",,,Course Plan,Academic literacy ability is required.,,,
HS 591-VI,Special Topics in HSS: Introduction to the Learning Sciences,3,0,0,4,Aditi Kothiyal(I),,,,"K1,K2
(7/206)",,,Course Plan,,,,
DES 601,Visual Design for Academia,1.5,0,3,4,Sameer Sahasrabudhe(I),,,,"H2
(7/207)",,"J1,L1
(7/103)",Course plan,,,,
HS 610,A Critical Journey Through Select Thoughts and Theories,3,0,0,4,Arnapurna Rath(I),,,,"P1,P2
(7/201)",,,Course Plan,"Doctoral scholars, postgraduates, and final year UGs",,,
HS 651,Critical Perspectives in Sociology,3,0,0,4,Aashish Xaxa(I),,,,"N1,N2
(7/103)",,,Course Plan,A broad perspective on the critical development of Sociology.,MA Core Course,,
HS 652,"Reading Philosophy: Classical, Contemporary, and 
Global Perspectives",3,0,0,4,Angus McBlane(I),,,,"G1,G2
(7/210)",,,Course Plan,Interest in Global Philosophy,MA Core Course,,
HS 645,"History of India, 1930-1964",3,0,0,4,Madhumita Sengupta(I),,23,,"I1,I2
(7/204)",,,,,,,
DES 691,Special Topics in Design: Design for Discretive Needs,3,0,0,4,Manasi Kanetkar(I),,,,"L1,L2
(7/208)",,,"Course write-up Google Classroom code: upg6dai
",,,,
DES 691-I,Special Topics in Design: Digital Games for Repeat Play,3,0,0,4,Prayas Abhinav(I),,,,"N1,N2
(7/106)",,,Course write-up,,,,
HS 691-I,"Special Topics in HSS: Haunting, Spectrality and Cinema",3,0,0,4,Arka Chattopadhyay(I),,40,,"N1,N2
(7/107)",,,Course Plan,Interest in Critical Theory and Cinema,,,
IN 304,Ancient Indian Technology,3,1,0,4,Alok Kumar Kanungo(I+T),,24,,"M1,M2
(7/206)","J1
(5/202)",,https://drive.google.com/file/d/1N_NVxj1sORQmk_zXLa-apmPmSYxLGNxh/view?usp=drive_link,,,,